Country Name;Indicator;2011;2013;2014;2015;2016;2017
Afghanistan;1.3.;;;;0;0;
Afghanistan;2;;;;0;0;
Afghanistan;3;;;;0;0;
Afghanistan;4;;;;5.6;1.9;
Afghanistan;5;;;;16.7;16.7;
Albania;1.1.;55.5;53.9;54.8;49;55.9;57.7
Albania;1.2.;56.3;59.8;58.1;58.5;59.4;56.3
Albania;1.3.;83.9;62.9;63.7;72.7;71.8;75.9
Albania;2;32.7;27.1;22.8;21.8;23.6;23.5
Albania;3;26.4;31.1;34.1;39;43.6;46.4
Albania;4;47.5;56.8;61.9;59.1;51.2;51.7
Albania;5;19.6;21.4;24.9;26.2;21.9;25.3
Algeria;1.1.;32.5;39;40.8;30.2;29.3;33.8
Algeria;1.2.;35.5;51.7;50.5;52.2;51.7;47.6
Algeria;1.3.;68.2;50.8;50.2;52.8;56.3;59.7
Algeria;2;32.8;29.1;25.5;26.2;28.2;25.8
Algeria;3;23.7;25.7;32.2;31.4;37.2;42.3
Algeria;4;33.4;38.4;36.2;36.8;31.7;29.5
Algeria;5;25.1;17.7;17.2;20.9;21.2;21
Andorra;1.3.;;;;0;0;
Andorra;2;;;;0;0;
Andorra;3;;;;0;0;
Andorra;4;;;;5.6;1.9;
Andorra;5;;;;16.7;16.7;
Angola;1.1.;;42.4;44.1;31.2;;
Angola;1.2.;;35.6;35.5;35.5;;
Angola;1.3.;;42;37.8;39;;
Angola;2;;14;13.8;13.7;;
Angola;3;;18.2;17.5;21.1;;
Angola;4;;36.9;42.9;35.3;;
Angola;5;;11.8;17.8;24.3;;
Antigua and Barbuda;1.3.;;;;0;0;
Antigua and Barbuda;2;;;;0;0;
Antigua and Barbuda;3;;;;0;0;
Antigua and Barbuda;4;;;;5.6;1.9;
Antigua and Barbuda;5;;;;16.7;16.7;
Argentina;1.1.;55.2;59.8;58.6;49.6;49.4;51.1
Argentina;1.2.;43.2;43.2;40.2;40.3;38.5;36.3
Argentina;1.3.;55;49.1;48.5;54.2;53.7;51.7
Argentina;2;37.2;36.7;38.3;37.7;37.3;42.6
Argentina;3;31.5;35;38;38.2;43.3;46.6
Argentina;4;28.3;37.3;37.7;35.9;35.7;37.7
Argentina;5;38.3;34.2;32.9;36.3;30.8;33.6
Armenia;1.1.;58.7;57.3;60.1;54.5;46;47.7
Armenia;1.2.;60.8;70.2;70.2;70.3;69.3;66.5
Armenia;1.3.;84.2;69.6;68.9;76;76.1;71.5
Armenia;2;30.7;31.5;21.4;19;18.5;19.4
Armenia;3;22.9;25.5;30;37.3;39.7;39
Armenia;4;33.7;50;50.4;54.7;41.3;50.5
Armenia;5;30.3;29.3;28.8;31;28.6;27.7
Australia;1.1.;88.7;86.1;86.3;87.3;86.5;83.9
Australia;1.2.;97.8;94.5;93.7;93.8;92.9;91.2
Australia;1.3.;86.5;87.5;86.9;86.8;86.8;86.9
Australia;2;57.8;57.8;61.8;57;59.7;60.2
Australia;3;52.3;52.7;60.1;63.7;65.1;64.8
Australia;4;58.8;72.7;68.1;66.7;65.8;65.3
Australia;5;54.1;48.2;43.9;47.5;45;45.4
Austria;1.1.;94.1;89.9;90.4;90.5;88.8;86.3
Austria;1.2.;88.4;95.6;96.4;95.9;94.4;93
Austria;1.3.;74.5;80;79.5;79.5;79.6;82
Austria;2;58.7;58.7;61.5;57.4;60.8;61
Austria;3;44;50.3;53.7;55.2;57.1;63
Austria;4;56.5;60.1;57.2;56.5;51.3;53.1
Austria;5;51.6;45.2;45.5;47;47.6;50.3
Azerbaijan;1.1.;35.3;40.4;40.4;41.5;40;41.6
Azerbaijan;1.2.;52;52;51.5;53;53.8;50.8
Azerbaijan;1.3.;86.4;65.7;68.2;74.1;75.4;75.3
Azerbaijan;2;30.4;25.5;20.9;21.9;22.9;17.9
Azerbaijan;3;22;25.1;32.4;37.1;40.8;50.5
Azerbaijan;4;44.1;48.4;59.9;52;52.1;55.3
Azerbaijan;5;31.7;23.7;20.1;20.7;19.7;23.8
Bahamas;1.3.;;;;0;0;
Bahamas;2;;;;0;0;
Bahamas;3;;;;0;0;
Bahamas;4;;;;5.6;1.9;
Bahamas;5;;;;16.7;16.7;
Bahrain;1.1.;51.8;48;43.5;44.1;47.5;47.3
Bahrain;1.2.;76.1;81.8;80.2;80.2;80.1;79
Bahrain;1.3.;95.4;80;80.1;71.7;71.8;75.6
Bahrain;2;54;27.8;27;28.4;31.4;30.6
Bahrain;3;46.9;39.8;48.1;52.5;55.3;54.6
Bahrain;4;56.1;47.6;48.5;46.8;38.7;42.7
Bahrain;5;32.2;37.5;35.7;38.1;32.1;26.8
Bangladesh;1.1.;26.4;34.1;36.5;21.8;29.3;29.6
Bangladesh;1.2.;41.1;40.9;38.2;39.4;39.9;36.6
Bangladesh;1.3.;77;60.9;61.1;61.6;60.8;54.8
Bangladesh;2;24.1;11.7;14.1;14.5;12.4;12
Bangladesh;3;25.5;22.6;26.7;27.3;30.7;37
Bangladesh;4;30.5;35.6;44.1;39;40.5;38.3
Bangladesh;5;19.9;17.8;14.9;25.6;23.1;25.6
Barbados;1.1.;;88.2;87.3;86.9;;
Barbados;1.2.;;77.1;75.3;75.4;;
Barbados;1.3.;;72.5;72.8;77.2;;
Barbados;2;;40.1;31.6;30.5;;
Barbados;3;;18;27.9;29.2;;
Barbados;4;;46.1;48.7;41.5;;
Barbados;5;;49.9;55;53.8;;
Belarus;1.1.;;39.7;44.6;39.7;45.6;46.9
Belarus;1.2.;;45.3;46.6;47.1;47.9;44.7
Belarus;1.3.;;66.2;65;72.8;74.5;70.8
Belarus;2;;38.1;39.8;43;42.6;41.9
Belarus;3;;31.1;39.9;42;43.6;46.1
Belarus;4;;50.4;46;56.1;39.1;41.9
Belarus;5;;27.3;24.9;30.3;28.7;32.2
Belgium;1.1.;86.8;86.3;86;85.6;79.3;78.8
Belgium;1.2.;86.1;92.1;91.4;80.2;78.1;77.4
Belgium;1.3.;81.6;86.3;86.2;84.2;84.1;85.4
Belgium;2;52.9;54;51.7;51.4;58.9;59.7
Belgium;3;39.5;44.1;46.5;52.5;55.3;57.2
Belgium;4;60.6;57.9;58.5;54.9;49.7;51.8
Belgium;5;54.4;53.3;46.5;51;46.7;48.5
Belize;1.1.;;48.1;;;;
Belize;1.2.;;67;;;;
Belize;1.3.;;71.5;;0;;
Belize;2;;25.1;;0;;
Belize;3;;18.1;;0;;
Belize;4;;39.9;;5.6;;
Belize;5;;28.3;;16.7;;
Benin;1.1.;59.9;56.7;57.2;;44.6;45.1
Benin;1.2.;42.9;63.4;63.2;;62.8;59
Benin;1.3.;38;39.9;39.7;;53.4;58
Benin;2;24.5;15.6;18.1;;22.4;21.1
Benin;3;20.8;22.5;18.3;;20;23.3
Benin;4;23.3;28;36.5;;28.8;30.6
Benin;5;25.7;29.6;25.2;;31;27.5
Bhutan;1.1.;;;70.3;67.5;67.1;
Bhutan;1.2.;;;67.5;67.9;68.6;
Bhutan;1.3.;;;49.9;52.9;57;
Bhutan;2;;;17;17.5;30.9;
Bhutan;3;;;44;41.9;47.8;
Bhutan;4;;;45.9;48.2;42.2;
Bhutan;5;;;29.3;25.7;32.1;
Bolivia;1.1.;39.2;49.3;50.5;43.1;38.2;41.1
Bolivia;1.2.;17;12.5;11.2;11.5;10.9;6.2
Bolivia;1.3.;34.3;37.1;36.5;38;38.4;42.2
Bolivia;2;31.2;26.7;28.1;25.9;29.3;25.8
Bolivia;3;26.3;25.2;26.9;28.7;32.2;35.3
Bolivia;4;33.4;46.3;48.2;46.4;42.4;46.2
Bolivia;5;30.7;31.3;27.7;30.5;25.2;26
Bosnia and Herzegovina;1.1.;48;44.9;51.4;42.1;43.7;40.5
Bosnia and Herzegovina;1.2.;54.1;70.6;70.6;71;69.9;65.9
Bosnia and Herzegovina;1.3.;73.6;56.1;56.5;65.7;62.5;64
Bosnia and Herzegovina;2;42;38.2;18.1;39.9;41;41.3
Bosnia and Herzegovina;3;23.4;28.2;29.4;30.9;33;36.9
Bosnia and Herzegovina;4;42.9;48.1;51.9;61.6;42.8;43.4
Bosnia and Herzegovina;5;43.7;41;37.9;40.1;27.1;27.4
Botswana;1.1.;77.1;73.9;74.1;69.6;68.1;72.1
Botswana;1.2.;74.3;68.1;69.1;68.6;67.3;64.6
Botswana;1.3.;76.9;72.5;71.3;68.8;69.4;69.1
Botswana;2;37;32.5;25.1;23.4;32.6;32
Botswana;3;23.9;27.7;35.4;34.8;37;41
Botswana;4;35.7;44.2;49.5;43.9;42.8;49.3
Botswana;5;29.2;30;24.5;27;23.9;27.1
Brazil;1.1.;64.8;56.9;57.4;48.3;48.6;46
Brazil;1.2.;52.9;67.9;66.2;66.1;64.6;60.2
Brazil;1.3.;44.7;36.6;38.2;53.1;52.6;49.1
Brazil;2;33.9;30.3;31.1;30.1;32.5;35.9
Brazil;3;32.2;37.2;39.2;40.1;44.9;48.3
Brazil;4;35.7;44.9;45.2;44.3;43.9;44.2
Brazil;5;41.5;38;39.3;41.6;37;37.2
Brunei Darussalam;1.1.;72.2;73.5;72;;;81.2
Brunei Darussalam;1.2.;85;87.8;86.9;;;79
Brunei Darussalam;1.3.;56.3;61.9;61.4;;;71.4
Brunei Darussalam;2;33.8;31.9;22.7;;;31.1
Brunei Darussalam;3;19.4;36.1;36.6;;;49.4
Brunei Darussalam;4;44.1;43.9;54.7;;;48.5
Brunei Darussalam;5;27.4;29.1;34.1;;;40.2
Bulgaria;1.1.;67.2;61.2;63.2;57;53.2;56
Bulgaria;1.2.;68.7;77.2;76.5;75.8;75.4;72.4
Bulgaria;1.3.;87.6;65.5;65.7;76.3;74.7;73
Bulgaria;2;39.2;35.7;31.2;32.2;32.1;33.7
Bulgaria;3;28.9;40;42.7;43.3;46.7;51.9
Bulgaria;4;43;43.9;44.2;48.9;43.7;43.9
Bulgaria;5;35.4;32.2;35.1;36.4;36.2;41.4
Burkina Faso;1.1.;51.9;51;50.3;35.1;33.4;37.6
Burkina Faso;1.2.;58.2;68.3;67.6;66.8;65.1;61.7
Burkina Faso;1.3.;71;52.1;51.6;55.1;61;61
Burkina Faso;2;20.6;17.7;14.9;15.7;16.1;15.8
Burkina Faso;3;17.4;13.5;21.5;22.6;23.5;25.4
Burkina Faso;4;24.4;34.4;40.4;42.9;29.3;29.7
Burkina Faso;5;23.5;28.4;31;37.4;41.9;52.2
Burundi;1.1.;;;30.6;22.2;24.6;17.3
Burundi;1.2.;;;52.1;53.2;54.5;49.8
Burundi;1.3.;;;53.9;63.9;64.8;62.4
Burundi;2;;;17.5;17.3;14.6;14.9
Burundi;3;;;16.1;17.7;23;21.9
Burundi;4;;;47.3;42.7;32.8;32.7
Burundi;5;;;26.7;30.7;31.8;38.4
Cambodia;1.1.;34.8;43.8;46.4;38.4;41;42.9
Cambodia;1.2.;39.7;52.9;53.5;53.7;53.4;49.3
Cambodia;1.3.;35.4;47.2;40.1;53.1;58.8;55
Cambodia;2;18.5;12.5;14.1;14.8;14.1;14.2
Cambodia;3;23.8;20.5;21;22.7;25.2;26.9
Cambodia;4;41.6;42;55.8;60.6;48.4;52.4
Cambodia;5;35.6;27.1;26.7;33.3;36.5;23.3
Cameroon;1.1.;35.9;43.5;44.5;34.7;28.9;31.2
Cameroon;1.2.;34.3;54.7;53.3;49;50;45.8
Cameroon;1.3.;67.6;42.5;42.6;49.7;50.1;49.8
Cameroon;2;29.2;18.6;17.9;18.1;18.5;19.8
Cameroon;3;21;18.4;20;19.6;23.5;25.3
Cameroon;4;28.1;34.1;45;40.6;34.5;33.7
Cameroon;5;26.4;22;23.3;28.2;24.9;24
Canada;1.1.;91.5;89.3;89.1;89.5;90;90.7
Canada;1.2.;96.3;95;94.9;94.9;94.1;92.7
Canada;1.3.;92;95.4;94.1;93.7;90.9;89.5
Canada;2;53.9;49.4;56.4;49;52.9;53.3
Canada;3;53.1;53;58.4;60.9;62.3;62.1
Canada;4;63.4;78.8;75.9;73.5;73.6;73.7
Canada;5;58.4;49.3;48;49.3;46.5;47.8
Cape Verde;1.1.;;70.3;71.3;64.4;;
Cape Verde;1.2.;;56;55.7;55;;
Cape Verde;1.3.;;49.1;51.9;53.4;;
Cape Verde;2;;31;17.9;17.5;;
Cape Verde;3;;35.5;39.3;41;;
Cape Verde;4;;40.1;47.3;41.9;;
Cape Verde;5;;23.9;30.3;27.6;;
Central African Republic;1.3.;;;;0;0;
Central African Republic;2;;;;0;0;
Central African Republic;3;;;;0;0;
Central African Republic;4;;;;5.6;1.9;
Central African Republic;5;;;;16.7;16.7;
Chad;1.3.;;;;0;0;
Chad;2;;;;0;0;
Chad;3;;;;0;0;
Chad;4;;;;5.6;1.9;
Chad;5;;;;16.7;16.7;
Chile;1.1.;81.3;74.7;74.1;74.2;73;71.8
Chile;1.2.;87.8;74;73.8;73.4;72;69.6
Chile;1.3.;86.3;68;67.3;73.9;76;69.7
Chile;2;34.9;31.5;32.4;32.3;32.2;32.8
Chile;3;31.1;41;48.2;50;51.7;52.1
Chile;4;47.4;52.5;53.3;50.9;47.1;49.8
Chile;5;41.9;36.4;36.6;37.7;36.6;36.5
China;1.1.;32.8;39.2;40.1;45.6;49.9;51.6
China;1.2.;53.5;50.3;49.3;49.6;50;47
China;1.3.;68.8;55.5;55.5;66.7;65.8;65.8
China;2;39.9;40.6;43.4;43.1;48.1;49.2
China;3;35.4;39.8;45;50.5;52;57.9
China;4;54.1;54.2;50.5;49.3;56.6;54.7
China;5;49.3;42.9;41.8;44.9;53.8;54.5
Colombia;1.1.;36.3;47.7;45;37.7;35.5;39.7
Colombia;1.2.;62.3;66;64.9;64.9;65.4;62.4
Colombia;1.3.;68.7;74.9;71.4;72;73.8;73.4
Colombia;2;30;26.8;29.4;31.2;27.9;31.7
Colombia;3;35.7;42.2;44.8;48.4;52.5;52.5
Colombia;4;36.8;45.8;51.8;53.7;49.4;53.1
Colombia;5;35.4;34.9;30.8;35.8;30.8;32.9
Comoros;1.3.;;;;0;0;
Comoros;2;;;;0;0;
Comoros;3;;;;0;0;
Comoros;4;;;;5.6;1.9;
Comoros;5;;;;16.7;16.7;
Congo;1.3.;;;;0;0;
Congo;2;;;;0;0;
Congo;3;;;;0;0;
Congo;4;;;;5.6;1.9;
Congo;5;;;;16.7;16.7;
Congo, Democratic Republic of the;1.3.;;;;0;;
Congo, Democratic Republic of the;2;;;;0;;
Congo, Democratic Republic of the;3;;;;0;;
Congo, Democratic Republic of the;4;;;;5.6;;
Congo, Democratic Republic of the;5;;;;16.7;;
Costa Rica;1.1.;75.8;72.3;74.3;67.4;64.3;64.9
Costa Rica;1.2.;64.7;69.5;70;70.4;68.8;66.4
Costa Rica;1.3.;63;51.2;55.9;64;66.9;66.7
Costa Rica;2;33.1;26.7;25;26.3;32.1;32.7
Costa Rica;3;29.6;35.2;38.1;44.7;47.4;47.6
Costa Rica;4;32.7;41.9;40.7;38.4;38.1;38.4
Costa Rica;5;47.9;37.2;35.9;39.4;40.4;35.2
Côte d'Ivoire;1.1.;26.5;35.8;38.8;25.8;27.5;34.2
Côte d'Ivoire;1.2.;30.9;55;56.1;57.8;60.3;57.5
Côte d'Ivoire;1.3.;42.4;47.6;51.6;59.6;60.4;61.3
Côte d'Ivoire;2;21.1;15.3;13;16;14.5;14.4
Côte d'Ivoire;3;19.7;19.8;20.1;19.8;24;26.5
Côte d'Ivoire;4;23.6;33.4;37.7;35.3;29.5;29.1
Côte d'Ivoire;5;19.3;20.2;20.5;24;24.1;20.9
Croatia;1.1.;73.1;68.8;70.9;69.7;68.1;66.5
Croatia;1.2.;59.5;71.9;71;71.5;70.4;67.1
Croatia;1.3.;88.1;66.7;67.4;74.1;74.4;74.3
Croatia;2;43.5;34.9;35.3;36.9;35.7;37.4
Croatia;3;34.1;43.3;45.4;44.6;48.4;55.9
Croatia;4;35.7;46.5;42.5;47.1;42.2;42.1
Croatia;5;38.2;36.7;32.5;37.9;34.6;35.1
Cuba;1.3.;;;;0;0;
Cuba;2;;;;0;0;
Cuba;3;;;;0;0;
Cuba;4;;;;5.6;1.9;
Cuba;5;;;;16.7;16.7;
Cyprus;1.1.;77.3;82;81.7;77.4;75.3;72.9
Cyprus;1.2.;83.2;89.3;88.5;86.6;86.3;84.6
Cyprus;1.3.;89.9;81;80.3;75.5;83.3;85.7
Cyprus;2;48.6;45.3;39.4;40.6;38.7;39.9
Cyprus;3;36.5;38.5;37.6;37.8;41.6;48.1
Cyprus;4;49.5;65.3;64.4;64.3;56.8;57.9
Cyprus;5;43.9;32.1;33.8;39.2;40.6;42.7
Czech Republic;1.1.;84.1;83.2;82.1;77.6;77.2;78.1
Czech Republic;1.2.;85.4;76.9;75.4;75.6;74.3;73.4
Czech Republic;1.3.;78.2;68.1;71;75.9;76.7;81.3
Czech Republic;2;49.9;45.7;45.7;45.8;48.3;47.6
Czech Republic;3;32.4;49;50.8;51;53.7;57.3
Czech Republic;4;47.7;48.9;49.1;52.4;50.5;50.2
Czech Republic;5;53;47.5;46.2;45.3;42.9;45.9
Denmark;1.1.;94.2;94.7;91.4;91.1;87.8;87.6
Denmark;1.2.;96.7;99.7;98.2;98.3;96.6;96.4
Denmark;1.3.;91.8;91.6;91.3;90;90.3;90.3
Denmark;2;60.2;60.4;61.5;62.4;65.8;66.1
Denmark;3;45.9;53.9;59.1;55.7;58.8;63.2
Denmark;4;64.5;74.6;67.8;68.3;71.3;70.2
Denmark;5;58.1;47.5;45.6;49.7;47.9;52.5
Djibouti;1.3.;;;;0;0;
Djibouti;2;;;;0;0;
Djibouti;3;;;;0;0;
Djibouti;4;;;;5.6;1.9;
Djibouti;5;;;;16.7;16.7;
Dominica;1.3.;;;;0;0;
Dominica;2;;;;0;0;
Dominica;3;;;;0;0;
Dominica;4;;;;5.6;1.9;
Dominica;5;;;;16.7;16.7;
Dominican Republic;1.1.;;54.3;56.4;48.4;47.3;50.6
Dominican Republic;1.2.;;49.6;49.8;51.6;52.4;48.8
Dominican Republic;1.3.;;54.6;53.9;59.9;61;55.9
Dominican Republic;2;;20.3;7.1;18.8;19;17.6
Dominican Republic;3;;30.5;34;35.8;38.9;42.4
Dominican Republic;4;;42.9;50.4;49.6;45.5;45.4
Dominican Republic;5;;28.4;29.9;32.1;32.1;31.9
Ecuador;1.1.;37.9;45.7;47.8;43.8;43.9;46.2
Ecuador;1.2.;25.2;36;35.2;37.7;36.6;32
Ecuador;1.3.;65.2;48.3;47.9;52.2;53.3;51.7
Ecuador;2;27;29.1;21.6;22.3;21.4;22.8
Ecuador;3;26.4;31.8;35.9;39;38.7;43.4
Ecuador;4;30.4;41.1;43.7;47.7;40.7;45.8
Ecuador;5;36.3;23.8;23.8;24.6;24.2;25.1
Egypt;1.1.;41;35.9;33.7;20.7;19.9;26.9
Egypt;1.2.;58.8;40.2;38.5;36.6;36;33.1
Egypt;1.3.;85.3;55.6;54;61;61.2;61.3
Egypt;2;26.4;28.3;27.8;27.9;27.3;26.9
Egypt;3;21.7;33.7;36.1;37.2;38.3;38.4
Egypt;4;35;35.8;35.4;35.9;34.2;36.7
Egypt;5;30.7;27.4;28.9;31.6;20;21
El Salvador;1.1.;60.8;60.5;61.7;50.5;48.8;49.3
El Salvador;1.2.;54;57.5;55.8;56.7;57.2;52.6
El Salvador;1.3.;74.6;55.7;54.6;59.4;59.6;58.7
El Salvador;2;26.8;19.1;18.5;17.2;18.3;20.1
El Salvador;3;23.9;30.7;31.3;32.4;37;36.2
El Salvador;4;34.2;41.3;43.1;44.1;40.5;42.2
El Salvador;5;24.9;29.1;31.8;31.7;28.6;28.2
Equatorial Guinea;1.3.;;;;0;0;
Equatorial Guinea;2;;;;0;0;
Equatorial Guinea;3;;;;0;0;
Equatorial Guinea;4;;;;5.6;1.9;
Equatorial Guinea;5;;;;16.7;16.7;
Eritrea;1.3.;;;;0;0;
Eritrea;2;;;;0;0;
Eritrea;3;;;;0;0;
Eritrea;4;;;;5.6;1.9;
Eritrea;5;;;;16.7;16.7;
Estonia;1.1.;83.2;80.9;79.2;75;74.9;74.5
Estonia;1.2.;75.3;86.3;85.8;86.3;87;85.8
Estonia;1.3.;84.1;67.3;70.7;81;81.6;82.9
Estonia;2;50.5;47.2;46.3;44.2;41.2;41.5
Estonia;3;38;55.2;57.4;60.9;61.6;63.9
Estonia;4;53.4;51;55.4;54.6;46;55
Estonia;5;51.6;46.8;46.3;43.4;40.7;43.4
Ethiopia;1.1.;31.5;37.9;39.2;28.5;29;26.8
Ethiopia;1.2.;37.6;51.7;51.1;51.1;53.3;49.7
Ethiopia;1.3.;86.5;50.2;55.7;59.8;56.4;55.2
Ethiopia;2;16.8;12.2;11.4;13.3;14.4;14.8
Ethiopia;3;20;22;25.2;23.9;27.4;33
Ethiopia;4;26.8;39.3;41;31.9;26.3;24.8
Ethiopia;5;31.1;22.2;25.6;24.6;21.6;24.2
Fiji;1.1.;;50.9;49.6;39.5;;
Fiji;1.2.;;63.1;62.7;62.8;;
Fiji;1.3.;;61.9;61.3;60.7;;
Fiji;2;;35;38.9;30.6;;
Fiji;3;;17.3;31.2;32.9;;
Fiji;4;;40.1;46.8;38.7;;
Fiji;5;;50.4;51.3;56.5;;
Finland;1.1.;98.3;97.9;97.7;98.9;94.9;89
Finland;1.2.;85.5;96.8;96.9;96.9;95.9;95.1
Finland;1.3.;83.7;91.2;91.2;91.8;92.1;92.4
Finland;2;66.5;67.4;66.5;64.9;68.1;66.4
Finland;3;48;57.5;59.7;58.5;60;64.4
Finland;4;56.1;63.2;61.4;61.5;62.7;61.6
Finland;5;63.9;50;54.8;58.8;57.3;60.1
France;1.1.;80.5;78.4;78;77.9;74.9;74.8
France;1.2.;74.3;87.6;87;87;85;84.2
France;1.3.;78.8;70.9;70.7;80.3;81.2;82.9
France;2;53;54.6;55.9;55.5;58.9;58.1
France;3;43.1;52.4;54.7;60.8;63.7;63.4
France;4;53.8;63.1;61;59;61.9;64.3
France;5;50.3;46.1;47.4;49.3;48;50.6
Gabon;1.1.;;53.7;;;;
Gabon;1.2.;;60.1;;;;
Gabon;1.3.;;47.7;;0;;
Gabon;2;;22.1;;0;;
Gabon;3;;25.6;;0;;
Gabon;4;;30.1;;5.6;;
Gabon;5;;23.3;;16.7;;
Gambia;1.1.;;48.2;49.3;42.5;;
Gambia;1.2.;;51;50.5;49.7;;
Gambia;1.3.;;39.2;37.7;49.4;;
Gambia;2;;12.3;15.5;11.2;;
Gambia;3;;22.2;22.5;23.4;;
Gambia;4;;28.7;47.4;36;;
Gambia;5;;32.9;33.3;37.4;;
Georgia;1.1.;50.1;57;58.4;54.2;54.8;53.3
Georgia;1.2.;71;77.4;78;78;79.3;77.8
Georgia;1.3.;96.1;73.9;72.8;72.3;73.6;74.5
Georgia;2;32.6;24.9;23.5;23.6;23.2;23.6
Georgia;3;20.2;31.2;33.3;36.5;41.7;43.8
Georgia;4;41.1;54.5;55.2;52.8;44.3;49.2
Georgia;5;26.4;28;23.9;28;26.5;25.6
Germany;1.1.;88.1;85.8;85.8;84.8;86.6;84
Germany;1.2.;81.1;81.3;81.5;81.5;81.6;80.6
Germany;1.3.;81.2;80.3;81;83.4;84.1;85.9
Germany;2;57.5;54.3;56.3;56.6;58.9;60.1
Germany;3;43.2;53.5;56.3;56.7;58.5;61.5
Germany;4;59.3;62.8;60.1;59.2;59.7;60
Germany;5;51.6;45.9;46.1;49.2;48.3;51.4
Ghana;1.1.;66.1;63.3;63.3;51.9;45.5;
Ghana;1.2.;59.9;32.8;32.4;33.7;31.5;
Ghana;1.3.;83.4;61.4;61.2;59.2;59;
Ghana;2;39;26;22.8;23.1;25.7;
Ghana;3;22.9;18.9;20.6;28.4;33.3;
Ghana;4;31.8;40.3;42.5;37.5;36.3;
Ghana;5;35.7;31.9;29.3;28.7;26.2;
Greece;1.1.;63.5;62.5;60.2;56.4;56.7;53.4
Greece;1.2.;63.8;73.5;71.8;73.1;69.4;66.9
Greece;1.3.;76.1;67.3;67.7;75;75.1;75.2
Greece;2;47.4;44.5;43.5;45.9;55.3;56.4
Greece;3;32.6;37.4;41.1;47.9;48.6;48.2
Greece;4;32.3;48.8;47.9;51.2;49;50.2
Greece;5;32.3;30.1;30.6;30.8;27.2;28.8
Grenada;1.3.;;;;0;0;
Grenada;2;;;;0;0;
Grenada;3;;;;0;0;
Grenada;4;;;;5.6;1.9;
Grenada;5;;;;16.7;16.7;
Guatemala;1.1.;43;46.1;46.9;34.6;33;36
Guatemala;1.2.;45.5;47.4;46;46.2;46.9;43.1
Guatemala;1.3.;65.1;53.6;80.4;63.7;64.1;60.5
Guatemala;2;25.2;18.3;17.3;18.2;18;18.1
Guatemala;3;24.5;24.4;28.1;24;26.5;34.6
Guatemala;4;38.4;49.2;49.5;48.3;43.5;43.8
Guatemala;5;26.6;35.3;30.7;34.5;32.4;36.2
Guinea;1.1.;;36.5;37.6;19.8;22.5;33
Guinea;1.2.;;57.7;57.3;57.7;55.5;54.3
Guinea;1.3.;;33.5;33;40.4;49;47.8
Guinea;2;;12;7.7;7.6;9;8.9
Guinea;3;;16.2;16.5;12.5;18.6;24.8
Guinea;4;;27.6;32.5;35.4;24.8;26.3
Guinea;5;;25.5;26.3;19.7;21.1;19.3
Guinea Bissau;1.3.;;;;0;0;
Guinea Bissau;2;;;;0;0;
Guinea Bissau;3;;;;0;0;
Guinea Bissau;4;;;;5.6;1.9;
Guinea Bissau;5;;;;16.7;16.7;
Guyana;1.1.;52.1;54.6;54.6;45.1;;
Guyana;1.2.;47.4;58;57.4;57.7;;
Guyana;1.3.;75.9;55.6;55.8;60.3;;
Guyana;2;35.1;17.1;13.5;14;;
Guyana;3;31.1;14.8;25.3;25;;
Guyana;4;33.5;37.8;40.4;35.1;;
Guyana;5;35.3;48.5;51.2;57.5;;
Haiti;1.3.;;;;0;0;
Haiti;2;;;;0;0;
Haiti;3;;;;0;0;
Haiti;4;;;;5.6;1.9;
Haiti;5;;;;16.7;16.7;
Honduras;1.1.;36;47.2;46.9;37;33.5;36.3
Honduras;1.2.;36.5;44.9;42;42.2;42.5;38.8
Honduras;1.3.;70.5;49.9;49.3;54.9;54.6;54.5
Honduras;2;28.4;26.8;19.7;19;21;19.7
Honduras;3;23.9;24.8;26.6;28.9;31;33.8
Honduras;4;38.9;44.4;48.9;48.1;44.9;45.9
Honduras;5;26.5;30.2;32.9;34;36.2;31.3
Hong Kong;1.1.;88.6;82.8;84.3;87.1;90.5;89.8
Hong Kong;1.2.;96.7;96.8;97.2;97;97.2;97.7
Hong Kong;1.3.;93;92.8;92.7;90;90.6;90.6
Hong Kong;2;48.4;52.3;49.5;50.2;55.2;47.7
Hong Kong;3;53.9;63.4;67.4;66.5;67.5;68.4
Hong Kong;4;87;88.6;79.7;79;80;74.8
Hong Kong;5;66.9;58.2;54.9;51;50.2;51.1
Hungary;1.1.;77.9;72;71.1;71.1;67.1;68.2
Hungary;1.2.;77.8;80.8;78.8;78.1;75.4;72.9
Hungary;1.3.;82.1;67.6;67;71;71.4;71
Hungary;2;45.7;40.2;37.9;37.7;41.2;39.5
Hungary;3;33.9;44.1;45.6;47.2;51.1;52.3
Hungary;4;47.4;43.3;42.1;46;41;41.5
Hungary;5;48.9;41.3;37.2;36.8;40.1;37.8
Iceland;1.1.;95.1;89.7;89.2;88.4;87.2;87.6
Iceland;1.2.;84.3;90;90.1;90;86.2;85.8
Iceland;1.3.;92.3;85.9;86.4;84.9;85.9;86.4
Iceland;2;65.7;61.9;49.4;48.8;47.3;49
Iceland;3;45.4;47.2;47.4;51.8;55.9;59.9
Iceland;4;57.9;53.9;54.1;52.7;48.2;55.2
Iceland;5;52.8;46.7;44.4;46.4;45.3;49.8
India;1.1.;42.2;44.4;43.3;35.5;36.2;43.1
India;1.2.;56.6;63.6;62.2;62.4;61.9;59.8
India;1.3.;58.2;47.7;47;52.2;54.1;51.2
India;2;26.9;21.7;22.7;20;32.2;32.3
India;3;27.7;27.5;32.1;34.6;37;44.1
India;4;44.6;49.5;51.2;46.5;50.3;51.9
India;5;30.8;28.3;28;26.4;32.2;34.6
Indonesia;1.1.;44.3;45.6;47.9;43.4;46.2;42.9
Indonesia;1.2.;45.8;17.7;17.9;19.6;20.9;16.7
Indonesia;1.3.;70.1;48.5;48.5;56.4;57.7;64
Indonesia;2;29.6;24.3;22.8;24.3;23.1;23
Indonesia;3;24.5;29.1;33.1;35.6;38.5;42
Indonesia;4;32.2;41.2;45.3;44.4;43.3;46
Indonesia;5;28.2;25;22.8;24.6;23.7;26.2
Iran, Islamic Republic of;1.1.;11.6;27.6;28.8;27.7;34;39.4
Iran, Islamic Republic of;1.2.;31.4;41.9;43.1;42.4;42.5;40.3
Iran, Islamic Republic of;1.3.;85.1;58.8;57.1;62.8;61.4;60
Iran, Islamic Republic of;2;39.5;35;36.4;37.1;36.9;37.5
Iran, Islamic Republic of;3;22.9;29.4;33.6;39.9;36.7;36.2
Iran, Islamic Republic of;4;26.1;31.6;35.9;29.9;36.2;35.5
Iran, Islamic Republic of;5;23.5;23.2;17.3;22.6;22.8;22.8
Iraq;1.3.;;;;0;;
Iraq;2;;;;0;;
Iraq;3;;;;0;;
Iraq;4;;;;5.6;;
Iraq;5;;;;16.7;;
Ireland;1.1.;90.1;86;86.7;83.4;86.4;84
Ireland;1.2.;93.2;96.9;91.7;89.5;88.8;88.8
Ireland;1.3.;90.3;93;92.8;88.7;89.2;90.1
Ireland;2;57.8;59.3;53.2;50.1;54;55.1
Ireland;3;39.5;42.2;45.3;54.9;59.4;62.1
Ireland;4;65.3;73.2;70.3;64;56.9;55
Ireland;5;73.8;53.8;57.4;58.4;53.8;54.5
Israel;1.1.;55.7;57.6;60.3;55.7;54.7;57.1
Israel;1.2.;79.7;70.1;68.1;68.7;68.1;67.8
Israel;1.3.;80.8;69.5;74.6;79.2;78.2;78.7
Israel;2;69.8;59.5;61.9;55.9;55.4;56.5
Israel;3;38.4;49.4;53.7;54.1;56.1;57.8
Israel;4;58.6;69.8;67.5;60.5;56.5;61.5
Israel;5;56.8;54.6;58.2;54.1;53.9;61.5
Italy;1.1.;72.3;68.3;67.9;65.2;62.4;63
Italy;1.2.;67.5;81.9;81.1;81.4;79.2;76.9
Italy;1.3.;73.6;70.7;70.7;74.9;76.8;75.9
Italy;2;44.5;43.2;42.1;41.3;46.5;46.3
Italy;3;35.9;51;49.8;57.6;59.7;61.8
Italy;4;42.7;54.7;51;53.6;53.6;52.6
Italy;5;45.2;44.1;40;40.6;37.8;39.6
Jamaica;1.1.;61.2;65.7;66.2;54.7;54;57.3
Jamaica;1.2.;63.9;67.4;66.4;66.8;66.1;63.4
Jamaica;1.3.;82.7;70.2;71;68.8;75.8;76.6
Jamaica;2;35.5;26;25.1;23.5;24.2;23.8
Jamaica;3;20.6;24.2;26.8;29.6;31.2;32.8
Jamaica;4;30.2;38.9;44.6;46.3;40.3;39.8
Jamaica;5;38.9;27;31.5;31.8;28.8;31.3
Japan;1.1.;89.2;80;80.5;86.5;88.9;87.9
Japan;1.2.;84.4;88.6;90.2;90.6;90;89
Japan;1.3.;77.8;81.9;81.7;82.4;82.4;85.5
Japan;2;53.7;57.2;54.4;55;57.5;56.7
Japan;3;45.4;56.3;58.9;63.1;64.4;64.3
Japan;4;57.9;69.7;66.8;64.3;68.3;64.3
Japan;5;55.9;47.4;46.8;50.4;52.8;54.5
Jordan;1.1.;53.5;52.4;51.5;43.6;45.9;47.8
Jordan;1.2.;66.6;77.4;77.5;77.2;76.5;74.1
Jordan;1.3.;77.3;65.3;64;65.7;65.6;63
Jordan;2;41.4;36;28.3;26.3;25.4;26.7
Jordan;3;22.6;26.1;31.1;36.4;38.5;40.1
Jordan;4;44.7;46.5;39.9;38.9;32;32.3
Jordan;5;32.3;36.8;37.8;32.8;21.5;24.7
Kazakhstan;1.1.;48.5;46;43.5;40.8;51.4;51.1
Kazakhstan;1.2.;52.2;67.5;66;66.3;67.2;66.9
Kazakhstan;1.3.;87.2;73.9;73.9;77.2;80.9;80.2
Kazakhstan;2;34.6;32.3;30;29.6;31.4;31
Kazakhstan;3;28.5;37;43.8;43.3;46.8;47.9
Kazakhstan;4;36.6;43;44.1;43.4;38.6;43.2
Kazakhstan;5;37;28.9;26.4;27.2;25.4;27.6
Kenya;1.1.;41;43.3;44.2;32;31;33.7
Kenya;1.2.;48.4;58.5;65.8;66.6;68.1;64.9
Kenya;1.3.;66.2;52.8;50.9;59.6;59;62.7
Kenya;2;43.3;16.2;15.8;14.7;13.9;14.1
Kenya;3;21.4;20.2;21.1;27.2;32.8;36.7
Kenya;4;40.1;50.7;54.4;42.9;41.2;48.2
Kenya;5;39.5;31.9;28.5;31.2;31.6;33.2
Kiribati;1.3.;;;;0;0;
Kiribati;2;;;;0;0;
Kiribati;3;;;;0;0;
Kiribati;4;;;;5.6;1.9;
Kiribati;5;;;;16.7;16.7;
Korea, Democratic People's Republic of;1.3.;;;;0;0;
Korea, Democratic People's Republic of;2;;;;0;0;
Korea, Democratic People's Republic of;3;;;;0;0;
Korea, Democratic People's Republic of;4;;;;5.6;1.9;
Korea, Democratic People's Republic of;5;;;;16.7;16.7;
Korea, Republic of;1.1.;73.9;73.2;72.7;70.9;69.6;67.4
Korea, Republic of;1.2.;73.3;67.7;66.8;67.4;66.7;65.5
Korea, Republic of;1.3.;85.2;87.2;87.8;90.2;89.7;90.5
Korea, Republic of;2;59.9;64.8;64.1;64.8;66.9;66.2
Korea, Republic of;3;48.2;60.7;62.8;62.4;63.3;63.4
Korea, Republic of;4;61.8;65.7;65.4;63.3;62;61.6
Korea, Republic of;5;49.8;43.3;42.7;45.2;50.1;51.1
Kuwait;1.1.;65.2;61.1;60.2;53.5;50.6;51.4
Kuwait;1.2.;73.9;57.8;55.9;56;52.5;49.7
Kuwait;1.3.;86.8;65.3;64.6;66.6;67.9;66.3
Kuwait;2;35.8;31.2;23.3;24.1;30.2;31.3
Kuwait;3;31.2;35.3;39;43.6;48.1;51.4
Kuwait;4;46.9;45.4;47;43.7;46;47.8
Kuwait;5;23.1;24;27.7;22.1;12.9;15.2
Kyrgyzstan;1.1.;25.6;43.2;45;32.1;29.6;30.8
Kyrgyzstan;1.2.;42.9;55;54.2;54.9;55.3;50.9
Kyrgyzstan;1.3.;80.1;49;59.6;61.3;63.5;61.2
Kyrgyzstan;2;29.7;27.1;29.4;28.7;30.2;30.6
Kyrgyzstan;3;22.5;23.3;31.3;26;32.2;38.2
Kyrgyzstan;4;40.2;49.4;53.6;49.8;42.9;46.9
Kyrgyzstan;5;32.7;24;22.4;28.9;23.3;27.5
Latvia;1.1.;74;69.2;72.1;71.8;71.4;72.6
Latvia;1.2.;70.4;84.1;83.9;80.7;80.7;78.1
Latvia;1.3.;85;78.3;74.2;80.6;81.1;82.6
Latvia;2;42.8;37.1;34.1;33.1;31.4;35.2
Latvia;3;33.4;41.6;42.9;50.6;54.3;53.1
Latvia;4;47.3;57.6;54;52.4;48.6;52.1
Latvia;5;37.3;42;38.2;38.3;36.6;38.2
Lebanon;1.1.;39.3;42.5;42.3;26.5;24.3;26.1
Lebanon;1.2.;52.5;69.1;67.1;67.5;66.2;55.8
Lebanon;1.3.;71;62;64.9;65.4;65.8;61.9
Lebanon;2;41;37.1;34.4;38.1;29.8;29
Lebanon;3;25.6;32;34.9;36.5;37.5;40
Lebanon;4;39;48.1;44.6;42.4;37.9;39.4
Lebanon;5;44.5;38.5;39.1;32.6;31.7;33.5
Lesotho;1.1.;;58.3;58.1;51.6;;
Lesotho;1.2.;;61.4;61.3;62.9;;
Lesotho;1.3.;;64;60;63.4;;
Lesotho;2;;27.4;25.5;25.6;;
Lesotho;3;;31.3;28.8;26.8;;
Lesotho;4;;37.6;47.5;41.1;;
Lesotho;5;;21.6;31.3;26.8;;
Liberia;1.3.;;;;0;0;
Liberia;2;;;;0;0;
Liberia;3;;;;0;0;
Liberia;4;;;;5.6;1.9;
Liberia;5;;;;16.7;16.7;
Libya;1.3.;;;;0;0;
Libya;2;;;;0;0;
Libya;3;;;;0;0;
Libya;4;;;;5.6;1.9;
Libya;5;;;;16.7;16.7;
Liechtenstein;1.3.;;;;0;0;
Liechtenstein;2;;;;0;0;
Liechtenstein;3;;;;0;0;
Liechtenstein;4;;;;5.6;1.9;
Liechtenstein;5;;;;16.7;16.7;
Lithuania;1.1.;80.5;73.4;76.2;75.3;74.5;76.9
Lithuania;1.2.;70.9;68.9;69.9;70.2;69.7;69.4
Lithuania;1.3.;82.7;72;74;75.3;75.7;75.9
Lithuania;2;47;41.6;41.6;39.1;49.1;37.5
Lithuania;3;35;48;44.4;48.1;52.9;57.2
Lithuania;4;43.9;50.7;52.1;51.9;45;53
Lithuania;5;33.3;33;32.2;36.5;35.7;37.8
Luxembourg;1.1.;96.1;92.7;92.3;91.1;91.2;92.2
Luxembourg;1.2.;79.1;84.8;83.7;83.9;81.5;81.2
Luxembourg;1.3.;89.8;73.1;72.8;75.6;73.5;74.3
Luxembourg;2;56.6;54.8;47.2;40.8;43.3;42.9
Luxembourg;3;43.3;51.1;53.4;54.2;55.5;60.1
Luxembourg;4;57.5;56.9;49.7;56.2;42.5;43.4
Luxembourg;5;74;53.4;60.8;60.3;59.9;57.8
Macao;1.3.;;;;0;0;
Macao;2;;;;0;0;
Macao;3;;;;0;0;
Macao;4;;;;5.6;1.9;
Macao;5;;;;16.7;16.7;
Madagascar;1.1.;39.9;43.5;45;28.8;26.4;31.5
Madagascar;1.2.;34.9;60.7;59.6;59.2;57.2;53.9
Madagascar;1.3.;85.2;61.7;60.8;68.1;63.4;60.8
Madagascar;2;24.1;17.5;14.5;15.3;14.8;14.8
Madagascar;3;28.2;16.1;22.4;17.3;21.9;20.8
Madagascar;4;28;36.6;41.8;41.8;36.1;36.9
Madagascar;5;22.4;18.7;23.3;26.9;20.5;22.7
Malawi;1.1.;52.3;54.3;55;42.4;42.9;43.5
Malawi;1.2.;53.2;59.7;58.7;59.5;58.2;54.1
Malawi;1.3.;54.4;53.9;48.8;53;53.6;56.2
Malawi;2;29.7;11.4;11.7;11.5;14.5;12.3
Malawi;3;18.9;12.9;24.1;23.9;24.6;26.2
Malawi;4;28.7;35.9;39.6;39.2;30.7;32
Malawi;5;33.5;27;35.3;43.7;35.7;32
Malaysia;1.1.;57.5;64.3;63.6;68.3;71;67.7
Malaysia;1.2.;71.7;66;64.9;65.4;60.9;58.3
Malaysia;1.3.;82.2;76.6;76.2;81.5;80.7;75.1
Malaysia;2;43.5;39.7;41.6;39.9;43.3;41.9
Malaysia;3;30.1;43.1;45.7;46.7;49.2;52.4
Malaysia;4;62.1;61;63.9;58;55;57.6
Malaysia;5;58.5;45.9;42.9;47.5;41.8;35.7
Maldives;1.3.;;;;0;0;
Maldives;2;;;;0;0;
Maldives;3;;;;0;0;
Maldives;4;;;;5.6;1.9;
Maldives;5;;;;16.7;16.7;
Mali;1.1.;50.2;44.8;33.9;20.6;13.8;21.2
Mali;1.2.;49.1;62.5;60.6;60;59.9;55.6
Mali;1.3.;62.6;48.5;48.9;54.5;55.5;61
Mali;2;24.9;14.5;13.9;14.7;13.6;12.2
Mali;3;21.2;11.4;18.1;19.9;28.5;24.5
Mali;4;26.9;31.4;38.3;41.2;28.2;28.6
Mali;5;22.4;26.2;25.1;31.1;29.2;29.4
Malta;1.1.;;79.2;80.6;82.1;79.1;76.5
Malta;1.2.;;91.8;91.6;91.2;87.3;86.3
Malta;1.3.;;66.1;65.5;68.6;69.7;70
Malta;2;;33.6;34.6;39.3;41.1;41.9
Malta;3;;40.5;44.7;48;51.3;60.6
Malta;4;;47.5;48.9;50.3;39.5;45.4
Malta;5;;50.1;45.5;40.8;44.6;49
Marshall Islands;1.3.;;;;0;0;
Marshall Islands;2;;;;0;0;
Marshall Islands;3;;;;0;0;
Marshall Islands;4;;;;5.6;1.9;
Marshall Islands;5;;;;16.7;16.7;
Mauritania;1.3.;;;;0;0;
Mauritania;2;;;;0;0;
Mauritania;3;;;;0;0;
Mauritania;4;;;;5.6;1.9;
Mauritania;5;;;;16.7;16.7;
Mauritius;1.1.;74.1;73.4;76.2;76.2;75.8;77.8
Mauritius;1.2.;79.3;82.9;84;83.5;82.3;81
Mauritius;1.3.;92.5;75;74.5;82.4;83.5;81.2
Mauritius;2;43.2;25.3;25.9;23.1;30;30.2
Mauritius;3;25.7;24.7;37.1;40.5;43.1;47.2
Mauritius;4;42.1;57.1;63;63.7;49.5;50.6
Mauritius;5;31;27.3;30.2;29.5;25.6;27.7
Mexico;1.1.;44.1;50.3;51.1;47.8;44.1;45.1
Mexico;1.2.;51.3;59.2;59;59.2;59;55.6
Mexico;1.3.;80.4;75.8;75.2;77.5;78.5;74.9
Mexico;2;34.7;31.9;32.5;34.4;33.7;33.7
Mexico;3;27;35.5;39.9;39.5;42.8;49.7
Mexico;4;37.2;45.6;46.9;47;45.7;50
Mexico;5;29.9;28.9;29.9;36.9;29.8;30.8
Micronesia, Federated States of;1.3.;;;;0;0;
Micronesia, Federated States of;2;;;;0;0;
Micronesia, Federated States of;3;;;;0;0;
Micronesia, Federated States of;4;;;;5.6;1.9;
Micronesia, Federated States of;5;;;;16.7;16.7;
Moldova;1.1.;47.8;53.1;55.5;47;44.4;40.1
Moldova;1.2.;48.7;56.6;55.9;56.1;57;52.7
Moldova;1.3.;87.1;61.5;63.7;74;74.8;76.4
Moldova;2;43.6;36.8;28.6;27.6;34.1;33.2
Moldova;3;21.3;29.1;31.9;36;39.5;41.7
Moldova;4;38.6;44.2;51.4;50.6;38.6;46.8
Moldova;5;27.3;29.3;26.8;31.7;27;28.7
Monaco;1.3.;;;;0;0;
Monaco;2;;;;0;0;
Monaco;3;;;;0;0;
Monaco;4;;;;5.6;1.9;
Monaco;5;;;;16.7;16.7;
Mongolia;1.1.;52.5;57.1;56.9;51.6;56;55.7
Mongolia;1.2.;55.6;69.8;69.4;68.9;68.6;64.7
Mongolia;1.3.;90.8;60.7;61.1;69.7;70;73.4
Mongolia;2;34.1;29.6;26.9;26.4;26.9;26.9
Mongolia;3;32.4;36.1;42;43.5;38.3;40.1
Mongolia;4;46.6;58;57.2;56;49.9;52.6
Mongolia;5;32.2;34;35.2;36.9;27.8;29.3
Montenegro;1.1.;;62.3;63.6;60.9;57.7;56.6
Montenegro;1.2.;;70.8;70.6;71.1;70.9;68.9
Montenegro;1.3.;;70.5;70.2;76.6;79;79.6
Montenegro;2;;46.7;40.7;35.9;35.8;36.3
Montenegro;3;;34;34.2;39.3;45.8;49.5
Montenegro;4;;57.3;50.6;51;43.8;45.9
Montenegro;5;;32.4;34.4;34;36;34.1
Morocco;1.1.;43.8;49.3;51.7;45.6;44.1;48.1
Morocco;1.2.;47.5;59.4;59.1;58.5;60;56.2
Morocco;1.3.;81.5;64.3;68;68.8;68.3;69.9
Morocco;2;38;30.5;29.7;32.6;32.3;32.3
Morocco;3;29.2;28.1;39.6;45.9;48.6;50
Morocco;4;34.4;41.5;42.8;45.1;38;42.1
Morocco;5;24.1;19;18.2;21.5;18.3;20.5
Mozambique;1.1.;;56.1;56.6;40.7;36.4;36.5
Mozambique;1.2.;;38.2;37;36.2;36.1;31.7
Mozambique;1.3.;;54.9;54.1;63.5;65.9;65.5
Mozambique;2;;12.4;20.5;21.1;22.7;18.7
Mozambique;3;;18.9;27.5;28.5;28.6;28.8
Mozambique;4;;41.2;49.9;46;38.2;35.8
Mozambique;5;;36.4;35;41.9;37.1;24.4
Myanmar;1.1.;;;32.5;18.1;;
Myanmar;1.2.;;;40;43.6;;
Myanmar;1.3.;;;33.4;38.3;;
Myanmar;2;;;17.4;22.7;;
Myanmar;3;;;16.7;16.1;;
Myanmar;4;;;36.9;36.4;;
Myanmar;5;;;8.8;11;;
Namibia;1.1.;76.2;71.8;73.5;66.9;60.1;64.2
Namibia;1.2.;67.4;74.3;74.2;74.3;72.4;69.6
Namibia;1.3.;74.4;59.5;57.1;62.6;61.6;61.9
Namibia;2;37.9;24.1;19.3;18.4;21;22.5
Namibia;3;24.4;25.9;25.8;32.4;36.2;38.6
Namibia;4;39.4;42.4;44.4;39.9;40;39.3
Namibia;5;40.8;30.3;25.7;27.3;21.3;23.2
Nauru;1.3.;;;;0;0;
Nauru;2;;;;0;0;
Nauru;3;;;;0;0;
Nauru;4;;;;5.6;1.9;
Nauru;5;;;;16.7;16.7;
Nepal;1.1.;;36.7;37.2;26.1;30.7;28.4
Nepal;1.2.;;43.6;43.8;44.1;44.5;41.2
Nepal;1.3.;;57.3;57.3;65;64.7;62.2
Nepal;2;;13.2;15.5;16;16.7;15
Nepal;3;;19.3;23.2;24.1;25.9;33.3
Nepal;4;;35.9;43.1;37.9;31.3;44.1
Nepal;5;;27.4;31.3;27.1;26;26.2
Netherlands;1.1.;92.4;91.5;92.3;90.5;89.4;87.9
Netherlands;1.2.;84.1;97.9;97.2;97;95.7;88.1
Netherlands;1.3.;85.8;88.9;90.4;88.2;87.9;88.7
Netherlands;2;47.6;50.6;50.5;51.7;55.3;54.7
Netherlands;3;43.6;55.5;58.7;60.5;62.1;63.3
Netherlands;4;61.8;69.2;63.6;61.8;58.1;59
Netherlands;5;61.6;52.9;51.3;55.3;53.7;63.7
New Zealand;1.1.;93.6;94;93.1;94.3;96.3;95.4
New Zealand;1.2.;96.9;99.5;98.7;98.3;97.6;97.6
New Zealand;1.3.;91.5;91.6;91.1;86.5;86.5;87.4
New Zealand;2;56.4;54.9;55.5;52.9;56.6;56
New Zealand;3;47.8;47.6;52.1;56.3;58.8;61
New Zealand;4;57.9;70.7;68.9;67.6;63.5;66.3
New Zealand;5;48.7;45.6;41.5;45.8;40.9;44
Nicaragua;1.1.;39.3;47.4;48.5;38.7;38.8;
Nicaragua;1.2.;44.1;60.2;59.8;60.7;59.6;
Nicaragua;1.3.;39.1;51.4;52;56.5;57.1;
Nicaragua;2;19.4;12.4;10.5;10.4;11.7;
Nicaragua;3;25.3;25.5;28.1;22.7;27.3;
Nicaragua;4;43.5;45.7;47.1;41.6;41.9;
Nicaragua;5;26.7;30.9;27;33;31.2;
Niger;1.1.;36.3;47.2;45.3;27.2;24.9;33.3
Niger;1.2.;32.5;65.4;62.6;58.9;58.6;55.4
Niger;1.3.;51.6;41.8;40.8;49.2;56.8;58.9
Niger;2;29;13.2;11.8;11.7;21.1;20.6
Niger;3;20.3;20;28.8;32.7;26.6;27.5
Niger;4;22.4;34.6;43.2;40.4;25.8;28
Niger;5;45.4;21.6;28.3;34.4;30;30.6
Nigeria;1.1.;19.5;30.7;31.8;13.4;8.2;15.7
Nigeria;1.2.;43;53.1;52.7;54.1;53.8;57.4
Nigeria;1.3.;62.2;49;47.4;50;46.7;45.8
Nigeria;2;18.3;11;12.2;11.5;12.4;15.1
Nigeria;3;21;17.6;21.8;22.9;27;28.2
Nigeria;4;31.1;38.9;43.9;37.6;43.3;40.2
Nigeria;5;26.6;19.3;21.3;20.3;20.1;21.7
Norway;1.1.;95.4;93.1;94.2;94.4;90.2;90.8
Norway;1.2.;82;95.5;96.5;97.3;95.2;94.9
Norway;1.3.;86.8;91.5;91.6;90.2;90.5;89.6
Norway;2;57.5;55.2;52.6;49.9;53;53.3
Norway;3;55.5;60.7;63.9;64.8;67;69.3
Norway;4;53.8;62.5;57.9;56.5;52.3;57.2
Norway;5;50.8;45.2;43.2;45.8;45.7;48.3
Oman;1.1.;68.1;63.3;61.2;61.5;63.1;62.6
Oman;1.2.;76.6;80.9;80.9;80.7;80.8;77.5
Oman;1.3.;91.6;70.4;70.3;70.4;69.1;75.4
Oman;2;45.9;33.8;28.3;29.1;33.9;35.8
Oman;3;26.7;35.9;39.8;45.4;47.5;48.4
Oman;4;35.1;44.1;48.1;40.7;39;44.2
Oman;5;44.7;31.1;27.2;23;19.1;17
Pakistan;1.1.;20;21.6;22.8;9.9;10.3;13.7
Pakistan;1.2.;36.6;44.9;43.5;44.3;44.9;41.6
Pakistan;1.3.;83.4;54.3;53.9;57.2;56.1;58.8
Pakistan;2;14;7.7;9.8;12.8;13;12.8
Pakistan;3;19.5;19.8;22.2;23.1;26.5;29
Pakistan;4;28.1;29.6;35.8;35.8;35.7;38.3
Pakistan;5;24.7;21.1;19.3;22.4;25.3;29
Palau;1.3.;;;;0;0;
Palau;2;;;;0;0;
Palau;3;;;;0;0;
Palau;4;;;;5.6;1.9;
Palau;5;;;;16.7;16.7;
Palestinian Territory, Occupied;1.3.;;;;0;0;
Palestinian Territory, Occupied;2;;;;0;0;
Palestinian Territory, Occupied;3;;;;0;0;
Palestinian Territory, Occupied;4;;;;5.6;1.9;
Palestinian Territory, Occupied;5;;;;16.7;16.7;
Panama;1.1.;62.9;57.2;59.4;55.5;56;61.8
Panama;1.2.;50.4;66.2;64.6;64.7;64.7;61.9
Panama;1.3.;81.1;53.1;55;58.1;58;57.8
Panama;2;32;23.9;25.1;26.2;22;21.4
Panama;3;30.7;35.1;40.5;43.1;47;55.1
Panama;4;42.5;39.6;44.1;43.8;42.3;43
Panama;5;33.7;40.6;37.7;34.5;30.7;26.4
Papua New Guinea;1.3.;;;;0;0;
Papua New Guinea;2;;;;0;0;
Papua New Guinea;3;;;;0;0;
Papua New Guinea;4;;;;5.6;1.9;
Papua New Guinea;5;;;;16.7;16.7;
Paraguay;1.1.;39.9;45.1;44.4;32.6;35.6;40.6
Paraguay;1.2.;32.4;48;47.5;48.4;45.8;42.4
Paraguay;1.3.;66.2;51.3;51.8;62.6;62.4;57.6
Paraguay;2;24.9;21.6;25.3;23.9;24.4;24
Paraguay;3;36.3;25.7;27.6;28.8;34.1;39.9
Paraguay;4;36.2;44.7;50.2;45.5;42.3;50.5
Paraguay;5;28.6;26;29.1;29.7;25;26.9
Peru;1.1.;43.2;50.5;49.8;41.3;40.6;43.3
Peru;1.2.;51.7;69.9;69.3;69.4;69.3;66.3
Peru;1.3.;77.8;64;64.2;70.4;71.3;66.6
Peru;2;25.7;20.9;27.2;26.8;27.5;26.6
Peru;3;31.4;34;38.2;42;45;45.2
Peru;4;42.7;52.9;58.5;56.6;50;54.8
Peru;5;37.9;33.4;29.1;31.6;32.9;35.7
Philippines;1.1.;32.5;42.5;45.7;40.5;44.9;44.2
Philippines;1.2.;52.9;49.5;50.1;51.3;51.6;48.4
Philippines;1.3.;68.2;42.6;53;63.5;63.9;63.3
Philippines;2;23.7;18.1;15.2;14.8;22.7;22.3
Philippines;3;26.5;29.5;30;35.8;41.4;44.6
Philippines;4;32;41.7;44.8;42.1;38.3;41.3
Philippines;5;36.7;27.5;25.1;31.7;30.3;36.9
Poland;1.1.;80.6;78.9;78.8;74.1;73.2;73.9
Poland;1.2.;74.1;74.6;74.4;75.4;74;71.9
Poland;1.3.;74.5;69.7;71.1;76.3;78.7;81.1
Poland;2;42.4;37.6;37.9;37.2;39.6;36.5
Poland;3;30.4;38;41.9;45.5;47.6;53.3
Poland;4;40.9;50.5;48.2;49;46.5;48.2
Poland;5;41.4;38.6;33.7;35.2;34.6;37.4
Portugal;1.1.;82.2;77.2;78.6;78.5;74.8;79.4
Portugal;1.2.;73.7;59.3;71.1;77;75.9;75.8
Portugal;1.3.;85.3;82.1;82.2;86.1;86.5;87.3
Portugal;2;52.5;51.9;51.3;47.6;48.7;47.6
Portugal;3;34.7;43;46.6;50.3;52.7;54
Portugal;4;46.3;59;53.2;55.4;50.2;51.1
Portugal;5;37.6;33.7;34.5;35.3;34.5;35.4
Qatar;1.1.;77.4;74.7;76.2;82.3;77.2;77.6
Qatar;1.2.;79.5;67;70.8;70.6;67.5;66.2
Qatar;1.3.;93.4;79.6;79.5;80.3;80.3;74.6
Qatar;2;52.5;31.9;33.6;35.3;32.6;33.3
Qatar;3;33.9;46;53.1;55.5;60.5;58.1
Qatar;4;39.2;47.4;46.3;45.9;42.8;42.6
Qatar;5;49.5;40.1;43.4;27.7;29.3;28
Romania;1.1.;64.2;59.5;58.9;53.7;51.9;54.9
Romania;1.2.;60.7;79.2;77.4;78.5;77.6;75.3
Romania;1.3.;84.5;60.1;61.2;76.9;77.5;76.8
Romania;2;36.8;29.5;29.1;27.8;30.2;30.5
Romania;3;30;42.8;41.7;42.4;48.9;55.1
Romania;4;38.9;43.7;42.9;45.3;41.8;44.2
Romania;5;33.5;31.8;27.3;34.7;30.2;33
Russia;1.1.;37.9;42.9;43.9;38.6;39.4;37.9
Russia;1.2.;40.3;57.2;56.5;56.9;56.8;52.5
Russia;1.3.;77.3;68;68.9;74.2;77.4;77.7
Russia;2;45.1;44.1;44.5;47.5;50.4;50
Russia;3;25.8;37.2;41.1;40.6;44.5;47.5
Russia;4;36.4;45.4;42.5;43.5;43.1;47.1
Russia;5;44.9;36.1;34.3;38.5;37.5;40.3
Rwanda;1.1.;32.1;49.9;48.1;51.7;50;51.5
Rwanda;1.2.;56.9;66.3;66.4;68.2;69.7;67.6
Rwanda;1.3.;89.7;61.9;67.5;69.7;70.8;71.6
Rwanda;2;29.9;13.8;20.4;21.9;24;23.5
Rwanda;3;17.6;21.6;23;29.9;35.3;40.4
Rwanda;4;35.3;46.4;59.4;58.4;55.5;40.9
Rwanda;5;31.2;27;37.5;38.3;38.7;37
Saint Kitts and Nevis;1.3.;;;;0;0;
Saint Kitts and Nevis;2;;;;0;0;
Saint Kitts and Nevis;3;;;;0;0;
Saint Kitts and Nevis;4;;;;5.6;1.9;
Saint Kitts and Nevis;5;;;;16.7;16.7;
Saint Lucia;1.3.;;;;0;0;
Saint Lucia;2;;;;0;0;
Saint Lucia;3;;;;0;0;
Saint Lucia;4;;;;5.6;1.9;
Saint Lucia;5;;;;16.7;16.7;
Saint Vincent and the Grenadines;1.3.;;;;0;0;
Saint Vincent and the Grenadines;2;;;;0;0;
Saint Vincent and the Grenadines;3;;;;0;0;
Saint Vincent and the Grenadines;4;;;;5.6;1.9;
Saint Vincent and the Grenadines;5;;;;16.7;16.7;
Samoa;1.3.;;;;0;0;
Samoa;2;;;;0;0;
Samoa;3;;;;0;0;
Samoa;4;;;;5.6;1.9;
Samoa;5;;;;16.7;16.7;
San Marino;1.3.;;;;0;0;
San Marino;2;;;;0;0;
San Marino;3;;;;0;0;
San Marino;4;;;;5.6;1.9;
San Marino;5;;;;16.7;16.7;
Sao Tome and Principe;1.3.;;;;0;0;
Sao Tome and Principe;2;;;;0;0;
Sao Tome and Principe;3;;;;0;0;
Sao Tome and Principe;4;;;;5.6;1.9;
Sao Tome and Principe;5;;;;16.7;16.7;
Saudi Arabia;1.1.;39.8;42.8;46.4;48.5;51.1;49.1
Saudi Arabia;1.2.;67.4;63.2;64.6;64.8;63.3;56.9
Saudi Arabia;1.3.;95.2;69.3;69.1;67.9;59.3;51.4
Saudi Arabia;2;40.4;39.8;35.6;39.9;44.7;46.5
Saudi Arabia;3;27.8;40.6;47;50.3;51.4;53.3
Saudi Arabia;4;52.7;53.5;59;50.3;49.6;49.4
Saudi Arabia;5;41.3;37.2;37.6;35.8;31.3;35
Senegal;1.1.;51.1;53;55.2;45.2;43.9;45.4
Senegal;1.2.;44;64;65.2;65;64.2;61.4
Senegal;1.3.;69.1;47.1;43;52.6;53.2;56.8
Senegal;2;26.7;17.1;14.7;14.3;15.4;31.7
Senegal;3;24.6;24.1;27.3;27.6;31.1;33.1
Senegal;4;28.3;35.5;42.4;46.1;32.1;32.4
Senegal;5;19.4;24.5;23.9;28.3;25;24.5
Serbia;1.1.;51.2;55.3;57.1;50.2;54.4;57.2
Serbia;1.2.;52.5;72;70.6;71.1;72.9;70.6
Serbia;1.3.;85.9;56.3;55.3;65.2;69.8;75.2
Serbia;2;40.3;36.7;31.5;30.1;32.8;33.9
Serbia;3;24.5;37.2;41;42.6;43.7;49.7
Serbia;4;34.2;41.4;37;43.9;34.3;38.7
Serbia;5;33.3;31.2;29.7;30.2;28.1;28.9
Seychelles;1.1.;;;68.6;67.3;;
Seychelles;1.2.;;;66;68.3;;
Seychelles;1.3.;;;66.2;70.4;;
Seychelles;2;;;21.6;24.2;;
Seychelles;3;;;49.6;46.1;;
Seychelles;4;;;41.7;31.1;;
Seychelles;5;;;42.4;48.4;;
Sierra Leone;1.3.;;;;0;0;
Sierra Leone;2;;;;0;0;
Sierra Leone;3;;;;0;0;
Sierra Leone;4;;;;5.6;1.9;
Sierra Leone;5;;;;16.7;16.7;
Singapore;1.1.;80;83.3;84.5;97.3;96.7;96.9
Singapore;1.2.;97.5;97.5;98.8;98.5;98.6;98.6
Singapore;1.3.;93.8;95.9;95;90.5;89.3;87.5
Singapore;2;74.7;63.2;64.9;60.9;67.1;63.7
Singapore;3;47.6;59.2;65.6;69.5;69.1;69.1
Singapore;4;78.7;77.6;78.2;71.6;71.5;71.2
Singapore;5;79.1;69.2;66.7;63.1;62.1;62.9
Slovakia;1.1.;81.1;79.5;80.5;76.9;75.8;75.4
Slovakia;1.2.;76.1;81.7;72.9;72.2;70.8;68.3
Slovakia;1.3.;81.5;71;70.1;76.2;78.5;79.9
Slovakia;2;42.8;39.5;32.9;33.2;32.8;34.4
Slovakia;3;35.2;42.2;43.5;49.3;53.3;55.3
Slovakia;4;45.9;49.1;48.6;50.4;44.2;45.8
Slovakia;5;37.8;33.4;34.2;36.7;34.5;38.3
Slovenia;1.1.;82.5;77.3;78.6;77;74.8;76.7
Slovenia;1.2.;69;82.1;81.8;81.7;80.5;78.7
Slovenia;1.3.;89.7;75.8;75.8;79.8;87.2;87.3
Slovenia;2;51.3;48.6;49.2;48.3;50.4;49.2
Slovenia;3;36.6;45.9;46.4;49.4;50.7;55.4
Slovenia;4;40.3;50.9;51.1;46.9;40.5;43.1
Slovenia;5;47.8;42.3;39.9;42.1;42.5;43.4
Solomon Islands;1.3.;;;;0;0;
Solomon Islands;2;;;;0;0;
Solomon Islands;3;;;;0;0;
Solomon Islands;4;;;;5.6;1.9;
Solomon Islands;5;;;;16.7;16.7;
Somalia;1.3.;;;;0;0;
Somalia;2;;;;0;0;
Somalia;3;;;;0;0;
Somalia;4;;;;5.6;1.9;
Somalia;5;;;;16.7;16.7;
South Africa;1.1.;66.4;63.5;63.5;57.9;54.6;54.3
South Africa;1.2.;61.8;76.4;75.5;76.1;74.6;71.4
South Africa;1.3.;84.6;70.4;70.8;80.9;78.1;73.2
South Africa;2;30;23.7;28.7;27.4;33.1;32.8
South Africa;3;24.8;28.5;32.9;33.9;37.4;43.4
South Africa;4;63.9;66;63.8;59.1;58.7;57.4
South Africa;5;42.3;31.5;32.7;34;32.2;34.4
South Sudan;1.3.;;;;0;0;
South Sudan;2;;;;0;0;
South Sudan;3;;;;0;0;
South Sudan;4;;;;5.6;1.9;
South Sudan;5;;;;16.7;16.7;
Spain;1.1.;67.6;71.8;71.8;68.5;70.9;71.6
Spain;1.2.;73.7;80;77.7;77.4;74.3;72.7
Spain;1.3.;65.5;80.3;75;79.7;80.5;83.3
Spain;2;48.2;47.9;48.3;45.9;49.7;48.9
Spain;3;43.5;54.6;56.7;61;62.6;64.3
Spain;4;57.5;72.2;64.7;64.7;62.3;59
Spain;5;43.9;37.2;35.2;38.2;36.5;38.4
Sri Lanka;1.1.;31.6;44.1;42.1;42.1;49.1;52.7
Sri Lanka;1.2.;58.9;23.1;22.3;21;21.5;20.6
Sri Lanka;1.3.;69.1;60.1;58.3;61.9;62.2;62.5
Sri Lanka;2;27.2;19.7;17.1;17.8;18.3;18.6
Sri Lanka;3;26.6;28.2;36.6;42.4;44.9;47.3
Sri Lanka;4;29.7;40.6;40.2;44.9;38.1;42.2
Sri Lanka;5;29.3;22.1;19.8;28.3;24.8;28
Sudan;1.1.;6.1;10.8;14;4.9;;
Sudan;1.2.;25.9;39.2;37.5;38.1;;
Sudan;1.3.;71.1;58.6;57.8;54.5;;
Sudan;2;11.9;35.9;7.6;15.1;;
Sudan;3;22.4;18.3;18.3;19.7;;
Sudan;4;21;29.7;38.9;28.6;;
Sudan;5;40.7;12.4;14.8;13.7;;
Suriname;1.3.;;;;0;0;
Suriname;2;;;;0;0;
Suriname;3;;;;0;0;
Suriname;4;;;;5.6;1.9;
Suriname;5;;;;16.7;16.7;
Swaziland;1.1.;37.7;42.4;44.9;41.4;;
Swaziland;1.2.;51.8;60.6;60.3;62.1;;
Swaziland;1.3.;64.6;60.3;60.7;65;;
Swaziland;2;33.1;23.6;18.4;22.8;;
Swaziland;3;18.5;6.2;14.8;17.1;;
Swaziland;4;33.8;30.2;38.1;39.6;;
Swaziland;5;48;28.9;34.5;42.9;;
Sweden;1.1.;95.6;93.3;92.5;92.3;89.2;88
Sweden;1.2.;86.1;92.8;93;93.1;90.2;90.5
Sweden;1.3.;80.1;83.6;83.7;84.7;85.6;86.5
Sweden;2;63.3;62.5;61.9;61.7;64.8;63.7
Sweden;3;51.7;63.1;63.6;62.8;66.3;69.1
Sweden;4;58.9;71.8;68.2;63.7;66.2;64.9
Sweden;5;63.1;52;53.9;56.9;56.8;62.6
Switzerland;1.1.;96.8;92.7;93.7;94.2;96;94.7
Switzerland;1.2.;94.5;94.6;95;94.5;94.7;93.9
Switzerland;1.3.;86.4;74.6;74.2;80.2;80.1;79.8
Switzerland;2;55.1;55.4;56.7;59.2;63.3;63.3
Switzerland;3;44.5;57;59;58.6;61;65.1
Switzerland;4;70.1;77.5;74.7;72.3;69.8;67.5
Switzerland;5;68;55.3;54.2;60;57.6;62.6
Syrian Arab Republic;1.1.;20.1;22.9;;;;
Syrian Arab Republic;1.2.;43.8;62.7;;;;
Syrian Arab Republic;1.3.;75;59.1;;0;;
Syrian Arab Republic;2;40.2;34.1;;0;;
Syrian Arab Republic;3;16.9;22.9;;0;;
Syrian Arab Republic;4;25.1;37.6;;5.6;;
Syrian Arab Republic;5;21.7;21.2;;16.7;;
Taiwan, Province of China;1.3.;;;;0;0;
Taiwan, Province of China;2;;;;0;0;
Taiwan, Province of China;3;;;;0;0;
Taiwan, Province of China;4;;;;5.6;1.9;
Taiwan, Province of China;5;;;;16.7;16.7;
Tajikistan;1.1.;30.6;39.5;39.1;24.2;32.2;32
Tajikistan;1.2.;25.1;52.2;51.6;51;53.3;49.1
Tajikistan;1.3.;56.3;48.8;47.7;52.8;54.3;58
Tajikistan;2;29.4;20.3;24.4;25.5;26.3;28.5
Tajikistan;3;19.3;21.5;19.6;18;21.6;24.8
Tajikistan;4;32.3;48.3;61.3;53.3;50.4;53.6
Tajikistan;5;19.9;20.6;12.6;27.4;22.7;24.2
Tanzania;1.1.;57.6;54.1;53.8;41.8;35.4;39.9
Tanzania;1.2.;41.4;66.5;65.9;66.9;67;63.6
Tanzania;1.3.;71;52.8;52;59.6;59.9;58.1
Tanzania;2;29.4;13.9;12.7;12.9;9.7;9.5
Tanzania;3;17.8;23.4;25.4;23.8;26.8;36.1
Tanzania;4;26.9;38.5;36.6;33.6;31.9;36
Tanzania;5;21.4;25;28;25.8;22.8;26.1
TFYR of Macedonia;1.1.;56.1;52.1;53.1;47.3;56.1;52.2
TFYR of Macedonia;1.2.;64.4;69.7;69.4;69.8;70.7;67
TFYR of Macedonia;1.3.;98.4;74.5;74.7;86.1;87.3;87.4
TFYR of Macedonia;2;34.7;36.1;33.8;32.7;33.4;29.7
TFYR of Macedonia;3;26.2;33.2;36.3;31.4;34.5;42.2
TFYR of Macedonia;4;40.2;51.4;54.6;52.3;40.7;47.4
TFYR of Macedonia;5;27.9;36.4;26.8;35.9;31.5;34.5
Thailand;1.1.;38;47.9;48;39.3;44.4;46
Thailand;1.2.;67.3;46;46;46.7;46;43.8
Thailand;1.3.;79.2;68.3;69.2;74.9;73.9;77.6
Thailand;2;31;37.2;41.1;31.1;30.7;30.8
Thailand;3;25;35.3;36.5;40.7;42.8;45
Thailand;4;49;53.5;56.9;53.3;51.4;51.2
Thailand;5;50.2;33.4;34.9;37.3;35.3;31.8
Timor-Leste;1.3.;;;;0;0;
Timor-Leste;2;;;;0;0;
Timor-Leste;3;;;;0;0;
Timor-Leste;4;;;;5.6;1.9;
Timor-Leste;5;;;;16.7;16.7;
Togo;1.1.;;44.4;44.2;29;31.4;35.7
Togo;1.2.;;56.8;56.7;55.8;57.3;54.2
Togo;1.3.;;44.3;43;56.7;57.7;58.2
Togo;2;;17;14.5;13.6;14.9;15.7
Togo;3;;19.8;15.4;13.8;18.1;26.5
Togo;4;;43.7;42.7;45.6;30.2;30.7
Togo;5;;18.7;21.1;28.2;23.4;21.9
Tonga;1.3.;;;;0;0;
Tonga;2;;;;0;0;
Tonga;3;;;;0;0;
Tonga;4;;;;5.6;1.9;
Tonga;5;;;;16.7;16.7;
Trinidad and Tobago;1.1.;66.7;64.6;65.6;58.8;;59.3
Trinidad and Tobago;1.2.;70.5;62.8;61.4;61.6;;57.9
Trinidad and Tobago;1.3.;78.4;56.4;59.4;68.8;;64.9
Trinidad and Tobago;2;36.7;34.8;29.2;28.8;;20.4
Trinidad and Tobago;3;18.1;24;25.7;28.4;;35.9
Trinidad and Tobago;4;42.4;42.5;48.4;43.5;;45
Trinidad and Tobago;5;35.3;27.4;27.9;30.3;;29.1
Tunisia;1.1.;47.3;53.1;49.5;41.5;37.6;41.1
Tunisia;1.2.;58.4;68.2;67.4;66.2;66;54
Tunisia;1.3.;77.5;68.9;68.6;70.8;71.2;69.5
Tunisia;2;39.8;31.7;37.8;36.7;38;38
Tunisia;3;29;32.1;37;38.4;41.6;45.2
Tunisia;4;34.3;38.3;39.9;35;29;38.7
Tunisia;5;26.9;25.2;22.1;25.9;23.7;23.2
Turkey;1.1.;43.5;48.8;47.2;43;43.1;40.5
Turkey;1.2.;60.5;55.6;54.9;55.7;54.2;50.5
Turkey;1.3.;82.1;63.1;62.7;68.9;66.6;60.9
Turkey;2;32.9;29.8;33.3;35.9;39.2;38.1
Turkey;3;27.5;31.2;35.6;41;43.6;45.7
Turkey;4;38;47.5;49.1;49.5;47.7;47.8
Turkey;5;29.4;25.7;25.4;26.3;27.6;29.3
Turkmenistan;1.3.;;;;0;0;
Turkmenistan;2;;;;0;0;
Turkmenistan;3;;;;0;0;
Turkmenistan;4;;;;5.6;1.9;
Turkmenistan;5;;;;16.7;16.7;
Tuvalu;1.3.;;;;0;0;
Tuvalu;2;;;;0;0;
Tuvalu;3;;;;0;0;
Tuvalu;4;;;;5.6;1.9;
Tuvalu;5;;;;16.7;16.7;
Uganda;1.1.;40.6;44;46;34.5;33.9;36.3
Uganda;1.2.;62.4;70;69.1;69.3;67.6;65.7
Uganda;1.3.;59;56.8;55.2;59;59.6;61.8
Uganda;2;22.6;18.1;17.3;18.3;19.8;18.2
Uganda;3;20.8;18.3;28.1;26.3;37.8;40.5
Uganda;4;28;43.3;43.7;38.9;35;36.7
Uganda;5;23.9;23.1;35.8;38;31.9;33.6
Ukraine;1.1.;36.2;47.2;50.6;34.6;21.7;23
Ukraine;1.2.;42.3;59.7;59.3;59.2;59.2;55.9
Ukraine;1.3.;74.6;47.3;48.8;63;65.2;64.9
Ukraine;2;44.3;37.9;36.6;40.4;40.8;39.6
Ukraine;3;21.5;26;27.1;26.3;32.3;39.3
Ukraine;4;39.6;44;45.1;43.9;42.1;43.2
Ukraine;5;41.5;30.2;29.1;32.4;30.6;35.3
United Arab Emirates;1.1.;77.6;73.5;75;79.9;81.6;81.9
United Arab Emirates;1.2.;75.4;79.9;82;83.3;83.4;82.8
United Arab Emirates;1.3.;92.3;73.2;72.9;77.6;77.7;77.1
United Arab Emirates;2;52.5;50;62.1;53.9;40.7;51
United Arab Emirates;3;35.8;49.7;55.9;56.7;57.5;57.5
United Arab Emirates;4;52.4;47.3;46.2;48.1;48.7;52.9
United Arab Emirates;5;49.5;47.3;40.3;45.2;44.8;47.8
United Kingdom;1.1.;79.8;79.7;80.2;78.6;78.9;82.1
United Kingdom;1.2.;92.7;95.7;95.7;95.4;94.7;94.1
United Kingdom;1.3.;86.6;89.9;90;87.9;89.3;89.1
United Kingdom;2;56.1;56.2;60.3;57.5;62.6;63.3
United Kingdom;3;43.6;59.4;60.6;63;66.4;67.1
United Kingdom;4;74.4;84.6;81.4;74.3;71.6;70.2
United Kingdom;5;57.8;52.3;50.2;53.6;49.2;52.2
United States;1.1.;80.3;79.3;81.4;80.6;78.9;80.3
United States;1.2.;93.7;94.6;93.2;92.5;90.9;90.4
United States;1.3.;85.5;84.2;84;87.4;87.4;88.1
United States;2;57.4;61.1;58.3;54;57;57.2
United States;3;44.6;52.5;57.5;58.8;61.7;61
United States;4;70.9;87.1;83.8;81.5;86.6;83.4
United States;5;54.8;59.2;53.7;55.4;52.4;56.4
Uruguay;1.1.;79.3;75.8;73.3;68.3;70.1;71.9
Uruguay;1.2.;71.7;68.8;67.3;68;67.7;65.5
Uruguay;1.3.;57.6;65.3;65.5;68.5;69.2;69.4
Uruguay;2;35;31.6;29.4;29.3;29.3;33.5
Uruguay;3;33.4;36.5;38.6;49.1;51.8;52.7
Uruguay;4;30.4;37.4;40;38.9;35.9;36.5
Uruguay;5;30.1;30.6;24.7;29.7;25.6;25.6
Uzbekistan;1.1.;;36.1;36.1;33.3;;
Uzbekistan;1.2.;;45;45.2;45.7;;
Uzbekistan;1.3.;;55;56.9;67.9;;
Uzbekistan;2;;26.9;27.1;27;;
Uzbekistan;3;;22.4;29.2;29;;
Uzbekistan;4;;39.8;41.1;44.4;;
Uzbekistan;5;;23.1;12.7;20;;
Vanuatu;1.3.;;;;0;0;
Vanuatu;2;;;;0;0;
Vanuatu;3;;;;0;0;
Vanuatu;4;;;;5.6;1.9;
Vanuatu;5;;;;16.7;16.7;
Venezuela, Bolivarian Republic of;1.1.;26.6;36;39.2;24.1;23.6;
Venezuela, Bolivarian Republic of;1.2.;12.5;3.5;2.2;1;0;
Venezuela, Bolivarian Republic of;1.3.;44.3;22.4;21.9;25.9;24.4;
Venezuela, Bolivarian Republic of;2;45.6;26.5;31.2;29.7;37.5;
Venezuela, Bolivarian Republic of;3;24.4;28.2;26;30.7;39.4;
Venezuela, Bolivarian Republic of;4;15.5;25.9;29.6;27.3;33.4;
Venezuela, Bolivarian Republic of;5;34;33.5;23.7;31.1;26.2;
Vietnam;1.1.;39.2;43.1;44.4;51.5;50;54.1
Vietnam;1.2.;50.5;50.4;49.2;49.9;51;48.9
Vietnam;1.3.;75.1;46.3;46.2;54.2;54.2;55.4
Vietnam;2;31.7;24.7;24.2;26.6;30.1;31
Vietnam;3;29.3;29.2;28.6;33.9;36.7;42.7
Vietnam;4;47;45.5;45;47.4;43;52.8
Vietnam;5;37.5;32;34.4;40.5;30.6;29.4
Yemen;1.1.;9;16;14.6;7.5;0;0
Yemen;1.2.;39.6;41.1;41.1;42;41.2;35.1
Yemen;1.3.;62.2;54.7;54.1;55.2;55.3;56.6
Yemen;2;30.7;19.7;15.5;14.5;15.8;13.5
Yemen;3;15.4;16.9;16.3;19.4;18;16.3
Yemen;4;26;34.3;40.7;35.3;33.8;32.1
Yemen;5;25.9;11.1;12.7;21.9;8.6;19.5
Zambia;1.1.;57;56.8;60.1;51.2;47;46.9
Zambia;1.2.;50.8;25.5;25.5;26.6;26.1;23.7
Zambia;1.3.;85.1;64.2;66.6;68.7;69.1;70.2
Zambia;2;24.7;6.8;3.6;6.3;0.7;0.8
Zambia;3;22.6;18.9;20.4;23.6;19.2;26.3
Zambia;4;33.7;46.1;47;45;36.6;38.4
Zambia;5;23.8;21.3;22;22.6;17.4;18.3
Zimbabwe;1.1.;23.5;34.2;39;28.9;;31.3
Zimbabwe;1.2.;23.1;;0.7;1.5;;32.9
Zimbabwe;1.3.;27.8;38.3;40.4;47.4;;42.9
Zimbabwe;2;40.8;12.1;12.4;19;;28.7
Zimbabwe;3;16.4;17.9;22.8;20.8;;15.5
Zimbabwe;4;30.5;40.9;46.4;40.7;;37.2
Zimbabwe;5;21.6;30.6;27.7;26.7;;22.8
;;;;;;;
Global Innovation Index;;;;;;;
http://knoema.com/GII2017Jun/global-innovation-index;;;;;;;
